file,line,type,commit,author,date,time,timezone,datetime,depth,length
static/style.css,1,css,769667ae,Luciano Sampaio,2025-03-20,12:27:40,-03:00,2025-03-20T12:27:40-03:00,0,5
static/style.css,2,css,769667ae,Luciano Sampaio,2025-03-20,12:27:40,-03:00,2025-03-20T12:27:40-03:00,0,24
static/style.css,3,css,769667ae,Luciano Sampaio,2025-03-20,12:27:40,-03:00,2025-03-20T12:27:40-03:00,0,15
static/style.css,4,css,769667ae,Luciano Sampaio,2025-03-20,12:27:40,-03:00,2025-03-20T12:27:40-03:00,0,31
static/style.css,5,css,769667ae,Luciano Sampaio,2025-03-20,12:27:40,-03:00,2025-03-20T12:27:40-03:00,0,40
static/style.css,6,css,769667ae,Luciano Sampaio,2025-03-20,12:27:40,-03:00,2025-03-20T12:27:40-03:00,0,0
static/style.css,7,css,769667ae,Luciano Sampaio,2025-03-20,12:27:40,-03:00,2025-03-20T12:27:40-03:00,0,0
static/style.css,8,css,770debe3,Luciano Sampaio,2025-03-27,12:49:07,-03:00,2025-03-27T12:49:07-03:00,0,3
static/style.css,9,css,770debe3,Luciano Sampaio,2025-03-27,12:49:07,-03:00,2025-03-27T12:49:07-03:00,0,23
static/style.css,10,css,769667ae,Luciano Sampaio,2025-03-20,12:27:40,-03:00,2025-03-20T12:27:40-03:00,0,0
static/style.css,11,css,769667ae,Luciano Sampaio,2025-03-20,12:27:40,-03:00,2025-03-20T12:27:40-03:00,0,0
static/style.css,12,css,769667ae,Luciano Sampaio,2025-03-20,12:27:40,-03:00,2025-03-20T12:27:40-03:00,0,44
static/style.css,13,css,769667ae,Luciano Sampaio,2025-03-20,12:27:40,-03:00,2025-03-20T12:27:40-03:00,0,0
static/style.css,14,css,769667ae,Luciano Sampaio,2025-03-20,12:27:40,-03:00,2025-03-20T12:27:40-03:00,0,4
static/style.css,15,css,769667ae,Luciano Sampaio,2025-03-20,12:27:40,-03:00,2025-03-20T12:27:40-03:00,0,43
static/style.css,16,css,769667ae,Luciano Sampaio,2025-03-20,12:27:40,-03:00,2025-03-20T12:27:40-03:00,0,42
static/style.css,17,css,769667ae,Luciano Sampaio,2025-03-20,12:27:40,-03:00,2025-03-20T12:27:40-03:00,0,0
static/style.css,18,css,769667ae,Luciano Sampaio,2025-03-20,12:27:40,-03:00,2025-03-20T12:27:40-03:00,0,23
static/style.css,19,css,769667ae,Luciano Sampaio,2025-03-20,12:27:40,-03:00,2025-03-20T12:27:40-03:00,0,49
static/style.css,20,css,769667ae,Luciano Sampaio,2025-03-20,12:27:40,-03:00,2025-03-20T12:27:40-03:00,0,92
static/style.css,21,css,769667ae,Luciano Sampaio,2025-03-20,12:27:40,-03:00,2025-03-20T12:27:40-03:00,0,41
static/style.css,22,css,769667ae,Luciano Sampaio,2025-03-20,12:27:40,-03:00,2025-03-20T12:27:40-03:00,0,0
static/style.css,23,css,769667ae,Luciano Sampaio,2025-03-20,12:27:40,-03:00,2025-03-20T12:27:40-03:00,0,0
static/style.css,24,css,769667ae,Luciano Sampaio,2025-03-20,12:27:40,-03:00,2025-03-20T12:27:40-03:00,0,0
static/style.css,25,css,769667ae,Luciano Sampaio,2025-03-20,12:27:40,-03:00,2025-03-20T12:27:40-03:00,0,3
static/style.css,26,css,769667ae,Luciano Sampaio,2025-03-20,12:27:40,-03:00,2025-03-20T12:27:40-03:00,0,65
static/style.css,27,css,769667ae,Luciano Sampaio,2025-03-20,12:27:40,-03:00,2025-03-20T12:27:40-03:00,0,23
static/style.css,28,css,769667ae,Luciano Sampaio,2025-03-20,12:27:40,-03:00,2025-03-20T12:27:40-03:00,0,25
static/style.css,29,css,769667ae,Luciano Sampaio,2025-03-20,12:27:40,-03:00,2025-03-20T12:27:40-03:00,0,37
static/style.css,30,css,769667ae,Luciano Sampaio,2025-03-20,12:27:40,-03:00,2025-03-20T12:27:40-03:00,0,0
static/style.css,31,css,769667ae,Luciano Sampaio,2025-03-20,12:27:40,-03:00,2025-03-20T12:27:40-03:00,0,0
static/style.css,32,css,769667ae,Luciano Sampaio,2025-03-20,12:27:40,-03:00,2025-03-20T12:27:40-03:00,0,5
static/style.css,33,css,769667ae,Luciano Sampaio,2025-03-20,12:27:40,-03:00,2025-03-20T12:27:40-03:00,0,5
static/style.css,34,css,769667ae,Luciano Sampaio,2025-03-20,12:27:40,-03:00,2025-03-20T12:27:40-03:00,0,20
static/style.css,35,css,769667ae,Luciano Sampaio,2025-03-20,12:27:40,-03:00,2025-03-20T12:27:40-03:00,0,13
static/style.css,36,css,769667ae,Luciano Sampaio,2025-03-20,12:27:40,-03:00,2025-03-20T12:27:40-03:00,0,17
static/style.css,37,css,769667ae,Luciano Sampaio,2025-03-20,12:27:40,-03:00,2025-03-20T12:27:40-03:00,0,13
static/style.css,38,css,769667ae,Luciano Sampaio,2025-03-20,12:27:40,-03:00,2025-03-20T12:27:40-03:00,0,0
static/style.css,39,css,769667ae,Luciano Sampaio,2025-03-20,12:27:40,-03:00,2025-03-20T12:27:40-03:00,0,0
static/style.css,40,css,769667ae,Luciano Sampaio,2025-03-20,12:27:40,-03:00,2025-03-20T12:27:40-03:00,0,11
static/style.css,41,css,769667ae,Luciano Sampaio,2025-03-20,12:27:40,-03:00,2025-03-20T12:27:40-03:00,0,25
static/style.css,42,css,769667ae,Luciano Sampaio,2025-03-20,12:27:40,-03:00,2025-03-20T12:27:40-03:00,0,25
static/style.css,43,css,769667ae,Luciano Sampaio,2025-03-20,12:27:40,-03:00,2025-03-20T12:27:40-03:00,0,31
static/style.css,44,css,769667ae,Luciano Sampaio,2025-03-20,12:27:40,-03:00,2025-03-20T12:27:40-03:00,0,13
static/style.css,45,css,769667ae,Luciano Sampaio,2025-03-20,12:27:40,-03:00,2025-03-20T12:27:40-03:00,0,0
static/style.css,46,css,769667ae,Luciano Sampaio,2025-03-20,12:27:40,-03:00,2025-03-20T12:27:40-03:00,0,0
static/style.css,47,css,769667ae,Luciano Sampaio,2025-03-20,12:27:40,-03:00,2025-03-20T12:27:40-03:00,0,11
static/style.css,48,css,769667ae,Luciano Sampaio,2025-03-20,12:27:40,-03:00,2025-03-20T12:27:40-03:00,0,25
static/style.css,49,css,769667ae,Luciano Sampaio,2025-03-20,12:27:40,-03:00,2025-03-20T12:27:40-03:00,0,25
static/style.css,50,css,769667ae,Luciano Sampaio,2025-03-20,12:27:40,-03:00,2025-03-20T12:27:40-03:00,0,39
static/style.css,51,css,769667ae,Luciano Sampaio,2025-03-20,12:27:40,-03:00,2025-03-20T12:27:40-03:00,0,21
static/style.css,52,css,769667ae,Luciano Sampaio,2025-03-20,12:27:40,-03:00,2025-03-20T12:27:40-03:00,0,39
static/style.css,53,css,769667ae,Luciano Sampaio,2025-03-20,12:27:40,-03:00,2025-03-20T12:27:40-03:00,0,0
static/style.css,54,css,769667ae,Luciano Sampaio,2025-03-20,12:27:40,-03:00,2025-03-20T12:27:40-03:00,0,0
static/style.css,55,css,769667ae,Luciano Sampaio,2025-03-20,12:27:40,-03:00,2025-03-20T12:27:40-03:00,0,24
static/style.css,56,css,769667ae,Luciano Sampaio,2025-03-20,12:27:40,-03:00,2025-03-20T12:27:40-03:00,2,12
static/style.css,57,css,769667ae,Luciano Sampaio,2025-03-20,12:27:40,-03:00,2025-03-20T12:27:40-03:00,2,10
static/style.css,58,css,769667ae,Luciano Sampaio,2025-03-20,12:27:40,-03:00,2025-03-20T12:27:40-03:00,2,21
static/style.css,59,css,769667ae,Luciano Sampaio,2025-03-20,12:27:40,-03:00,2025-03-20T12:27:40-03:00,0,0
static/style.css,60,css,769667ae,Luciano Sampaio,2025-03-20,12:27:40,-03:00,2025-03-20T12:27:40-03:00,0,0
static/style.css,61,css,769667ae,Luciano Sampaio,2025-03-20,12:27:40,-03:00,2025-03-20T12:27:40-03:00,0,30
static/style.css,62,css,769667ae,Luciano Sampaio,2025-03-20,12:27:40,-03:00,2025-03-20T12:27:40-03:00,2,13
static/style.css,63,css,769667ae,Luciano Sampaio,2025-03-20,12:27:40,-03:00,2025-03-20T12:27:40-03:00,0,0
static/style.css,64,css,769667ae,Luciano Sampaio,2025-03-20,12:27:40,-03:00,2025-03-20T12:27:40-03:00,0,29
static/style.css,65,css,769667ae,Luciano Sampaio,2025-03-20,12:27:40,-03:00,2025-03-20T12:27:40-03:00,0,0
static/style.css,66,css,769667ae,Luciano Sampaio,2025-03-20,12:27:40,-03:00,2025-03-20T12:27:40-03:00,0,3
static/style.css,67,css,769667ae,Luciano Sampaio,2025-03-20,12:27:40,-03:00,2025-03-20T12:27:40-03:00,0,12
static/style.css,68,css,769667ae,Luciano Sampaio,2025-03-20,12:27:40,-03:00,2025-03-20T12:27:40-03:00,0,30
static/style.css,69,css,769667ae,Luciano Sampaio,2025-03-20,12:27:40,-03:00,2025-03-20T12:27:40-03:00,0,7
static/style.css,70,css,769667ae,Luciano Sampaio,2025-03-20,12:27:40,-03:00,2025-03-20T12:27:40-03:00,0,0
static/style.css,71,css,769667ae,Luciano Sampaio,2025-03-20,12:27:40,-03:00,2025-03-20T12:27:40-03:00,0,0
static/style.css,72,css,769667ae,Luciano Sampaio,2025-03-20,12:27:40,-03:00,2025-03-20T12:27:40-03:00,0,10
static/style.css,73,css,769667ae,Luciano Sampaio,2025-03-20,12:27:40,-03:00,2025-03-20T12:27:40-03:00,0,12
static/style.css,74,css,769667ae,Luciano Sampaio,2025-03-20,12:27:40,-03:00,2025-03-20T12:27:40-03:00,0,29
static/style.css,75,css,769667ae,Luciano Sampaio,2025-03-20,12:27:40,-03:00,2025-03-20T12:27:40-03:00,0,0
static/style.css,76,css,769667ae,Luciano Sampaio,2025-03-20,12:27:40,-03:00,2025-03-20T12:27:40-03:00,0,0
static/style.css,77,css,769667ae,Luciano Sampaio,2025-03-20,12:27:40,-03:00,2025-03-20T12:27:40-03:00,0,13
static/style.css,78,css,769667ae,Luciano Sampaio,2025-03-20,12:27:40,-03:00,2025-03-20T12:27:40-03:00,0,17
static/style.css,79,css,769667ae,Luciano Sampaio,2025-03-20,12:27:40,-03:00,2025-03-20T12:27:40-03:00,0,0
src/app.html,1,html,769667ae,Luciano Sampaio,2025-03-20,12:27:40,-03:00,2025-03-20T12:27:40-03:00,0,13
src/app.html,2,html,769667ae,Luciano Sampaio,2025-03-20,12:27:40,-03:00,2025-03-20T12:27:40-03:00,0,14
src/app.html,3,html,769667ae,Luciano Sampaio,2025-03-20,12:27:40,-03:00,2025-03-20T12:27:40-03:00,0,4
src/app.html,4,html,769667ae,Luciano Sampaio,2025-03-20,12:27:40,-03:00,2025-03-20T12:27:40-03:00,0,22
src/app.html,5,html,769667ae,Luciano Sampaio,2025-03-20,12:27:40,-03:00,2025-03-20T12:27:40-03:00,0,55
src/app.html,6,html,769667ae,Luciano Sampaio,2025-03-20,12:27:40,-03:00,2025-03-20T12:27:40-03:00,0,51
src/app.html,7,html,769667ae,Luciano Sampaio,2025-03-20,12:27:40,-03:00,2025-03-20T12:27:40-03:00,0,59
src/app.html,8,html,769667ae,Luciano Sampaio,2025-03-20,12:27:40,-03:00,2025-03-20T12:27:40-03:00,0,64
src/app.html,9,html,769667ae,Luciano Sampaio,2025-03-20,12:27:40,-03:00,2025-03-20T12:27:40-03:00,0,0
src/app.html,10,html,769667ae,Luciano Sampaio,2025-03-20,12:27:40,-03:00,2025-03-20T12:27:40-03:00,0,19
src/app.html,11,html,769667ae,Luciano Sampaio,2025-03-20,12:27:40,-03:00,2025-03-20T12:27:40-03:00,0,14
src/app.html,12,html,769667ae,Luciano Sampaio,2025-03-20,12:27:40,-03:00,2025-03-20T12:27:40-03:00,0,5
src/app.html,13,html,769667ae,Luciano Sampaio,2025-03-20,12:27:40,-03:00,2025-03-20T12:27:40-03:00,0,40
src/app.html,14,html,769667ae,Luciano Sampaio,2025-03-20,12:27:40,-03:00,2025-03-20T12:27:40-03:00,0,51
src/app.html,15,html,769667ae,Luciano Sampaio,2025-03-20,12:27:40,-03:00,2025-03-20T12:27:40-03:00,0,5
src/app.html,16,html,769667ae,Luciano Sampaio,2025-03-20,12:27:40,-03:00,2025-03-20T12:27:40-03:00,0,5
src/routes/+page.svelte,1,svelte,0fa7c170,Luciano Sampaio,2025-03-20,12:42:48,-03:00,2025-03-20T12:42:48-03:00,0,11
src/routes/+page.svelte,2,svelte,0fa7c170,Luciano Sampaio,2025-03-20,12:42:48,-03:00,2025-03-20T12:42:48-03:00,1,17
src/routes/+page.svelte,3,svelte,0fa7c170,Luciano Sampaio,2025-03-20,12:42:48,-03:00,2025-03-20T12:42:48-03:00,0,12
src/routes/+page.svelte,4,svelte,0fa7c170,Luciano Sampaio,2025-03-20,12:42:48,-03:00,2025-03-20T12:42:48-03:00,0,0
src/routes/+page.svelte,5,svelte,4adf63d5,Luciano Sampaio,2025-04-03,12:57:25,-03:00,2025-04-03T12:57:25-03:00,0,6
src/routes/+page.svelte,6,js,4adf63d5,Luciano Sampaio,2025-04-03,12:57:25,-03:00,2025-04-03T12:57:25-03:00,1,40
src/routes/+page.svelte,7,js,4adf63d5,Luciano Sampaio,2025-04-03,12:57:25,-03:00,2025-04-03T12:57:25-03:00,1,40
src/routes/+page.svelte,8,svelte,4adf63d5,Luciano Sampaio,2025-04-03,12:57:25,-03:00,2025-04-03T12:57:25-03:00,0,7
src/routes/+page.svelte,9,svelte,4adf63d5,Luciano Sampaio,2025-04-03,12:57:25,-03:00,2025-04-03T12:57:25-03:00,0,0
src/routes/+page.svelte,10,svelte,769667ae,Luciano Sampaio,2025-03-20,12:27:40,-03:00,2025-03-20T12:27:40-03:00,0,77
src/routes/+page.svelte,11,svelte,769667ae,Luciano Sampaio,2025-03-20,12:27:40,-03:00,2025-03-20T12:27:40-03:00,0,32
src/routes/+page.svelte,12,svelte,769667ae,Luciano Sampaio,2025-03-20,12:27:40,-03:00,2025-03-20T12:27:40-03:00,0,0
src/routes/+page.svelte,13,svelte,769667ae,Luciano Sampaio,2025-03-20,12:27:40,-03:00,2025-03-20T12:27:40-03:00,0,95
src/routes/+page.svelte,14,svelte,769667ae,Luciano Sampaio,2025-03-20,12:27:40,-03:00,2025-03-20T12:27:40-03:00,2,8
src/routes/+page.svelte,15,svelte,769667ae,Luciano Sampaio,2025-03-20,12:27:40,-03:00,2025-03-20T12:27:40-03:00,4,27
src/routes/+page.svelte,16,svelte,769667ae,Luciano Sampaio,2025-03-20,12:27:40,-03:00,2025-03-20T12:27:40-03:00,4,32
src/routes/+page.svelte,17,svelte,769667ae,Luciano Sampaio,2025-03-20,12:27:40,-03:00,2025-03-20T12:27:40-03:00,4,30
src/routes/+page.svelte,18,svelte,769667ae,Luciano Sampaio,2025-03-20,12:27:40,-03:00,2025-03-20T12:27:40-03:00,0,0
src/routes/+page.svelte,19,svelte,769667ae,Luciano Sampaio,2025-03-20,12:27:40,-03:00,2025-03-20T12:27:40-03:00,2,8
src/routes/+page.svelte,20,svelte,769667ae,Luciano Sampaio,2025-03-20,12:27:40,-03:00,2025-03-20T12:27:40-03:00,0,0
src/routes/+page.svelte,21,svelte,769667ae,Luciano Sampaio,2025-03-20,12:27:40,-03:00,2025-03-20T12:27:40-03:00,0,53
src/routes/+page.svelte,22,svelte,769667ae,Luciano Sampaio,2025-03-20,12:27:40,-03:00,2025-03-20T12:27:40-03:00,0,557
src/routes/+page.svelte,23,svelte,769667ae,Luciano Sampaio,2025-03-20,12:27:40,-03:00,2025-03-20T12:27:40-03:00,0,0
src/routes/+page.svelte,24,svelte,769667ae,Luciano Sampaio,2025-03-20,12:27:40,-03:00,2025-03-20T12:27:40-03:00,0,50
src/routes/+page.svelte,25,svelte,4adf63d5,Luciano Sampaio,2025-04-03,12:57:25,-03:00,2025-04-03T12:57:25-03:00,0,68
src/routes/+page.svelte,26,svelte,4adf63d5,Luciano Sampaio,2025-04-03,12:57:25,-03:00,2025-04-03T12:57:25-03:00,0,0
src/routes/+page.svelte,27,svelte,4adf63d5,Luciano Sampaio,2025-04-03,12:57:25,-03:00,2025-04-03T12:57:25-03:00,0,2
src/routes/+page.svelte,28,svelte,4adf63d5,Luciano Sampaio,2025-04-03,12:57:25,-03:00,2025-04-03T12:57:25-03:00,1,13
src/routes/+page.svelte,29,svelte,4adf63d5,Luciano Sampaio,2025-04-03,12:57:25,-03:00,2025-04-03T12:57:25-03:00,0,3
src/routes/+page.svelte,30,svelte,4adf63d5,Luciano Sampaio,2025-04-03,12:57:25,-03:00,2025-04-03T12:57:25-03:00,0,20
src/routes/+page.svelte,31,svelte,4adf63d5,Luciano Sampaio,2025-04-03,12:57:25,-03:00,2025-04-03T12:57:25-03:00,0,31
src/routes/+page.svelte,32,svelte,4adf63d5,Luciano Sampaio,2025-04-03,12:57:25,-03:00,2025-04-03T12:57:25-03:00,1,28
src/routes/+page.svelte,33,svelte,4adf63d5,Luciano Sampaio,2025-04-03,12:57:25,-03:00,2025-04-03T12:57:25-03:00,0,5
src/routes/+page.svelte,34,svelte,4adf63d5,Luciano Sampaio,2025-04-03,12:57:25,-03:00,2025-04-03T12:57:25-03:00,0,4
src/routes/+layout.svelte,1,svelte,770debe3,Luciano Sampaio,2025-03-27,12:49:07,-03:00,2025-03-27T12:49:07-03:00,0,0
src/routes/+layout.svelte,2,svelte,770debe3,Luciano Sampaio,2025-03-27,12:49:07,-03:00,2025-03-27T12:49:07-03:00,0,6
src/routes/+layout.svelte,3,js,770debe3,Luciano Sampaio,2025-03-27,12:49:07,-03:00,2025-03-27T12:49:07-03:00,2,0
src/routes/+layout.svelte,4,js,770debe3,Luciano Sampaio,2025-03-27,12:49:07,-03:00,2025-03-27T12:49:07-03:00,2,32
src/routes/+layout.svelte,5,js,770debe3,Luciano Sampaio,2025-03-27,12:49:07,-03:00,2025-03-27T12:49:07-03:00,2,33
src/routes/+layout.svelte,6,js,770debe3,Luciano Sampaio,2025-03-27,12:49:07,-03:00,2025-03-27T12:49:07-03:00,2,0
src/routes/+layout.svelte,7,js,770debe3,Luciano Sampaio,2025-03-27,12:49:07,-03:00,2025-03-27T12:49:07-03:00,2,0
src/routes/+layout.svelte,8,js,770debe3,Luciano Sampaio,2025-03-27,12:49:07,-03:00,2025-03-27T12:49:07-03:00,2,11
src/routes/+layout.svelte,9,js,770debe3,Luciano Sampaio,2025-03-27,12:49:07,-03:00,2025-03-27T12:49:07-03:00,4,26
src/routes/+layout.svelte,10,js,770debe3,Luciano Sampaio,2025-03-27,12:49:07,-03:00,2025-03-27T12:49:07-03:00,4,38
src/routes/+layout.svelte,11,js,770debe3,Luciano Sampaio,2025-03-27,12:49:07,-03:00,2025-03-27T12:49:07-03:00,4,36
src/routes/+layout.svelte,12,js,770debe3,Luciano Sampaio,2025-03-27,12:49:07,-03:00,2025-03-27T12:49:07-03:00,4,34
src/routes/+layout.svelte,13,js,00000000,Not Committed Yet,2025-04-08,11:26:02,-03:00,2025-04-08T11:26:02-03:00,4,30
src/routes/+layout.svelte,14,js,770debe3,Luciano Sampaio,2025-03-27,12:49:07,-03:00,2025-03-27T12:49:07-03:00,4,49
src/routes/+layout.svelte,15,js,770debe3,Luciano Sampaio,2025-03-27,12:49:07,-03:00,2025-03-27T12:49:07-03:00,2,0
src/routes/+layout.svelte,16,js,770debe3,Luciano Sampaio,2025-03-27,12:49:07,-03:00,2025-03-27T12:49:07-03:00,2,0
src/routes/+layout.svelte,17,js,770debe3,Luciano Sampaio,2025-03-27,12:49:07,-03:00,2025-03-27T12:49:07-03:00,2,47
src/routes/+layout.svelte,18,js,770debe3,Luciano Sampaio,2025-03-27,12:49:07,-03:00,2025-03-27T12:49:07-03:00,2,0
src/routes/+layout.svelte,19,js,770debe3,Luciano Sampaio,2025-03-27,12:49:07,-03:00,2025-03-27T12:49:07-03:00,2,57
src/routes/+layout.svelte,20,js,770debe3,Luciano Sampaio,2025-03-27,12:49:07,-03:00,2025-03-27T12:49:07-03:00,2,47
src/routes/+layout.svelte,21,js,770debe3,Luciano Sampaio,2025-03-27,12:49:07,-03:00,2025-03-27T12:49:07-03:00,2,0
src/routes/+layout.svelte,22,js,770debe3,Luciano Sampaio,2025-03-27,12:49:07,-03:00,2025-03-27T12:49:07-03:00,2,54
src/routes/+layout.svelte,23,js,770debe3,Luciano Sampaio,2025-03-27,12:49:07,-03:00,2025-03-27T12:49:07-03:00,2,40
src/routes/+layout.svelte,24,js,770debe3,Luciano Sampaio,2025-03-27,12:49:07,-03:00,2025-03-27T12:49:07-03:00,2,0
src/routes/+layout.svelte,25,svelte,770debe3,Luciano Sampaio,2025-03-27,12:49:07,-03:00,2025-03-27T12:49:07-03:00,0,7
src/routes/+layout.svelte,26,svelte,770debe3,Luciano Sampaio,2025-03-27,12:49:07,-03:00,2025-03-27T12:49:07-03:00,0,0
src/routes/+layout.svelte,27,svelte,770debe3,Luciano Sampaio,2025-03-27,12:49:07,-03:00,2025-03-27T12:49:07-03:00,0,3
src/routes/+layout.svelte,28,svelte,770debe3,Luciano Sampaio,2025-03-27,12:49:07,-03:00,2025-03-27T12:49:07-03:00,2,16
src/routes/+layout.svelte,29,svelte,770debe3,Luciano Sampaio,2025-03-27,12:49:07,-03:00,2025-03-27T12:49:07-03:00,2,0
src/routes/+layout.svelte,30,svelte,770debe3,Luciano Sampaio,2025-03-27,12:49:07,-03:00,2025-03-27T12:49:07-03:00,2,56
src/routes/+layout.svelte,31,svelte,770debe3,Luciano Sampaio,2025-03-27,12:49:07,-03:00,2025-03-27T12:49:07-03:00,2,38
src/routes/+layout.svelte,32,svelte,770debe3,Luciano Sampaio,2025-03-27,12:49:07,-03:00,2025-03-27T12:49:07-03:00,2,54
src/routes/+layout.svelte,33,svelte,770debe3,Luciano Sampaio,2025-03-27,12:49:07,-03:00,2025-03-27T12:49:07-03:00,2,0
src/routes/+layout.svelte,34,svelte,770debe3,Luciano Sampaio,2025-03-27,12:49:07,-03:00,2025-03-27T12:49:07-03:00,2,7
src/routes/+layout.svelte,35,svelte,770debe3,Luciano Sampaio,2025-03-27,12:49:07,-03:00,2025-03-27T12:49:07-03:00,2,2
src/routes/+layout.svelte,36,svelte,770debe3,Luciano Sampaio,2025-03-27,12:49:07,-03:00,2025-03-27T12:49:07-03:00,0,0
src/routes/+layout.svelte,37,svelte,770debe3,Luciano Sampaio,2025-03-27,12:49:07,-03:00,2025-03-27T12:49:07-03:00,2,5
src/routes/+layout.svelte,38,svelte,770debe3,Luciano Sampaio,2025-03-27,12:49:07,-03:00,2025-03-27T12:49:07-03:00,1,4
src/routes/+layout.svelte,39,svelte,770debe3,Luciano Sampaio,2025-03-27,12:49:07,-03:00,2025-03-27T12:49:07-03:00,1,0
src/routes/+layout.svelte,40,svelte,770debe3,Luciano Sampaio,2025-03-27,12:49:07,-03:00,2025-03-27T12:49:07-03:00,0,0
src/routes/+layout.svelte,41,svelte,770debe3,Luciano Sampaio,2025-03-27,12:49:07,-03:00,2025-03-27T12:49:07-03:00,1,26
src/routes/+layout.svelte,42,svelte,770debe3,Luciano Sampaio,2025-03-27,12:49:07,-03:00,2025-03-27T12:49:07-03:00,2,4
src/routes/+layout.svelte,43,svelte,770debe3,Luciano Sampaio,2025-03-27,12:49:07,-03:00,2025-03-27T12:49:07-03:00,2,31
src/routes/+layout.svelte,44,svelte,770debe3,Luciano Sampaio,2025-03-27,12:49:07,-03:00,2025-03-27T12:49:07-03:00,4,45
src/routes/+layout.svelte,45,svelte,770debe3,Luciano Sampaio,2025-03-27,12:49:07,-03:00,2025-03-27T12:49:07-03:00,4,36
src/routes/+layout.svelte,46,svelte,770debe3,Luciano Sampaio,2025-03-27,12:49:07,-03:00,2025-03-27T12:49:07-03:00,4,34
src/routes/+layout.svelte,47,svelte,770debe3,Luciano Sampaio,2025-03-27,12:49:07,-03:00,2025-03-27T12:49:07-03:00,2,7
src/routes/+layout.svelte,48,svelte,770debe3,Luciano Sampaio,2025-03-27,12:49:07,-03:00,2025-03-27T12:49:07-03:00,0,6
src/routes/+layout.svelte,49,svelte,770debe3,Luciano Sampaio,2025-03-27,12:49:07,-03:00,2025-03-27T12:49:07-03:00,0,0
src/routes/+layout.svelte,50,svelte,770debe3,Luciano Sampaio,2025-03-27,12:49:07,-03:00,2025-03-27T12:49:07-03:00,0,0
src/routes/+layout.svelte,51,svelte,770debe3,Luciano Sampaio,2025-03-27,12:49:07,-03:00,2025-03-27T12:49:07-03:00,0,0
src/routes/+layout.svelte,52,svelte,770debe3,Luciano Sampaio,2025-03-27,12:49:07,-03:00,2025-03-27T12:49:07-03:00,0,6
src/routes/+layout.svelte,53,svelte,770debe3,Luciano Sampaio,2025-03-27,12:49:07,-03:00,2025-03-27T12:49:07-03:00,0,0
src/routes/+layout.svelte,54,svelte,770debe3,Luciano Sampaio,2025-03-27,12:49:07,-03:00,2025-03-27T12:49:07-03:00,0,5
src/routes/+layout.svelte,55,css,770debe3,Luciano Sampaio,2025-03-27,12:49:07,-03:00,2025-03-27T12:49:07-03:00,0,0
src/routes/+layout.svelte,56,css,770debe3,Luciano Sampaio,2025-03-27,12:49:07,-03:00,2025-03-27T12:49:07-03:00,0,3
src/routes/+layout.svelte,57,css,770debe3,Luciano Sampaio,2025-03-27,12:49:07,-03:00,2025-03-27T12:49:07-03:00,0,65
src/routes/+layout.svelte,58,css,770debe3,Luciano Sampaio,2025-03-27,12:49:07,-03:00,2025-03-27T12:49:07-03:00,0,23
src/routes/+layout.svelte,59,css,770debe3,Luciano Sampaio,2025-03-27,12:49:07,-03:00,2025-03-27T12:49:07-03:00,0,25
src/routes/+layout.svelte,60,css,770debe3,Luciano Sampaio,2025-03-27,12:49:07,-03:00,2025-03-27T12:49:07-03:00,0,37
src/routes/+layout.svelte,61,css,770debe3,Luciano Sampaio,2025-03-27,12:49:07,-03:00,2025-03-27T12:49:07-03:00,0,0
src/routes/+layout.svelte,62,css,770debe3,Luciano Sampaio,2025-03-27,12:49:07,-03:00,2025-03-27T12:49:07-03:00,0,0
src/routes/+layout.svelte,63,css,770debe3,Luciano Sampaio,2025-03-27,12:49:07,-03:00,2025-03-27T12:49:07-03:00,0,5
src/routes/+layout.svelte,64,css,770debe3,Luciano Sampaio,2025-03-27,12:49:07,-03:00,2025-03-27T12:49:07-03:00,0,5
src/routes/+layout.svelte,65,css,770debe3,Luciano Sampaio,2025-03-27,12:49:07,-03:00,2025-03-27T12:49:07-03:00,0,20
src/routes/+layout.svelte,66,css,770debe3,Luciano Sampaio,2025-03-27,12:49:07,-03:00,2025-03-27T12:49:07-03:00,0,13
src/routes/+layout.svelte,67,css,770debe3,Luciano Sampaio,2025-03-27,12:49:07,-03:00,2025-03-27T12:49:07-03:00,0,17
src/routes/+layout.svelte,68,css,770debe3,Luciano Sampaio,2025-03-27,12:49:07,-03:00,2025-03-27T12:49:07-03:00,0,13
src/routes/+layout.svelte,69,css,770debe3,Luciano Sampaio,2025-03-27,12:49:07,-03:00,2025-03-27T12:49:07-03:00,0,0
src/routes/+layout.svelte,70,css,770debe3,Luciano Sampaio,2025-03-27,12:49:07,-03:00,2025-03-27T12:49:07-03:00,0,0
src/routes/+layout.svelte,71,css,770debe3,Luciano Sampaio,2025-03-27,12:49:07,-03:00,2025-03-27T12:49:07-03:00,0,11
src/routes/+layout.svelte,72,css,770debe3,Luciano Sampaio,2025-03-27,12:49:07,-03:00,2025-03-27T12:49:07-03:00,0,25
src/routes/+layout.svelte,73,css,770debe3,Luciano Sampaio,2025-03-27,12:49:07,-03:00,2025-03-27T12:49:07-03:00,0,25
src/routes/+layout.svelte,74,css,770debe3,Luciano Sampaio,2025-03-27,12:49:07,-03:00,2025-03-27T12:49:07-03:00,0,31
src/routes/+layout.svelte,75,css,770debe3,Luciano Sampaio,2025-03-27,12:49:07,-03:00,2025-03-27T12:49:07-03:00,0,13
src/routes/+layout.svelte,76,css,770debe3,Luciano Sampaio,2025-03-27,12:49:07,-03:00,2025-03-27T12:49:07-03:00,0,0
src/routes/+layout.svelte,77,css,770debe3,Luciano Sampaio,2025-03-27,12:49:07,-03:00,2025-03-27T12:49:07-03:00,0,0
src/routes/+layout.svelte,78,css,770debe3,Luciano Sampaio,2025-03-27,12:49:07,-03:00,2025-03-27T12:49:07-03:00,0,11
src/routes/+layout.svelte,79,css,770debe3,Luciano Sampaio,2025-03-27,12:49:07,-03:00,2025-03-27T12:49:07-03:00,0,25
src/routes/+layout.svelte,80,css,770debe3,Luciano Sampaio,2025-03-27,12:49:07,-03:00,2025-03-27T12:49:07-03:00,0,25
src/routes/+layout.svelte,81,css,770debe3,Luciano Sampaio,2025-03-27,12:49:07,-03:00,2025-03-27T12:49:07-03:00,0,39
src/routes/+layout.svelte,82,css,770debe3,Luciano Sampaio,2025-03-27,12:49:07,-03:00,2025-03-27T12:49:07-03:00,0,21
src/routes/+layout.svelte,83,css,770debe3,Luciano Sampaio,2025-03-27,12:49:07,-03:00,2025-03-27T12:49:07-03:00,0,39
src/routes/+layout.svelte,84,css,770debe3,Luciano Sampaio,2025-03-27,12:49:07,-03:00,2025-03-27T12:49:07-03:00,0,0
src/routes/+layout.svelte,85,css,770debe3,Luciano Sampaio,2025-03-27,12:49:07,-03:00,2025-03-27T12:49:07-03:00,0,0
src/routes/+layout.svelte,86,css,770debe3,Luciano Sampaio,2025-03-27,12:49:07,-03:00,2025-03-27T12:49:07-03:00,0,12
src/routes/+layout.svelte,87,css,770debe3,Luciano Sampaio,2025-03-27,12:49:07,-03:00,2025-03-27T12:49:07-03:00,2,16
src/routes/+layout.svelte,88,css,770debe3,Luciano Sampaio,2025-03-27,12:49:07,-03:00,2025-03-27T12:49:07-03:00,2,8
src/routes/+layout.svelte,89,css,770debe3,Luciano Sampaio,2025-03-27,12:49:07,-03:00,2025-03-27T12:49:07-03:00,2,10
src/routes/+layout.svelte,90,css,770debe3,Luciano Sampaio,2025-03-27,12:49:07,-03:00,2025-03-27T12:49:07-03:00,2,19
src/routes/+layout.svelte,91,css,770debe3,Luciano Sampaio,2025-03-27,12:49:07,-03:00,2025-03-27T12:49:07-03:00,2,7
src/routes/+layout.svelte,92,css,770debe3,Luciano Sampaio,2025-03-27,12:49:07,-03:00,2025-03-27T12:49:07-03:00,0,0
src/routes/+layout.svelte,93,css,770debe3,Luciano Sampaio,2025-03-27,12:49:07,-03:00,2025-03-27T12:49:07-03:00,0,0
src/routes/+layout.svelte,94,svelte,770debe3,Luciano Sampaio,2025-03-27,12:49:07,-03:00,2025-03-27T12:49:07-03:00,0,6
src/routes/projects/+page.svelte,1,svelte,4adf63d5,Luciano Sampaio,2025-04-03,12:57:25,-03:00,2025-04-03T12:57:25-03:00,0,6
src/routes/projects/+page.svelte,2,js,4adf63d5,Luciano Sampaio,2025-04-03,12:57:25,-03:00,2025-04-03T12:57:25-03:00,1,40
src/routes/projects/+page.svelte,3,js,4adf63d5,Luciano Sampaio,2025-04-03,12:57:25,-03:00,2025-04-03T12:57:25-03:00,1,40
src/routes/projects/+page.svelte,4,js,4adf63d5,Luciano Sampaio,2025-04-03,12:57:25,-03:00,2025-04-03T12:57:25-03:00,1,32
src/routes/projects/+page.svelte,5,js,4adf63d5,Luciano Sampaio,2025-04-03,12:57:25,-03:00,2025-04-03T12:57:25-03:00,1,23
src/routes/projects/+page.svelte,6,js,4adf63d5,Luciano Sampaio,2025-04-03,12:57:25,-03:00,2025-04-03T12:57:25-03:00,0,0
src/routes/projects/+page.svelte,7,js,4adf63d5,Luciano Sampaio,2025-04-03,12:57:25,-03:00,2025-04-03T12:57:25-03:00,1,0
src/routes/projects/+page.svelte,8,js,4adf63d5,Luciano Sampaio,2025-04-03,12:57:25,-03:00,2025-04-03T12:57:25-03:00,1,13
src/routes/projects/+page.svelte,9,js,4adf63d5,Luciano Sampaio,2025-04-03,12:57:25,-03:00,2025-04-03T12:57:25-03:00,1,0
src/routes/projects/+page.svelte,10,js,4adf63d5,Luciano Sampaio,2025-04-03,12:57:25,-03:00,2025-04-03T12:57:25-03:00,1,48
src/routes/projects/+page.svelte,11,js,4adf63d5,Luciano Sampaio,2025-04-03,12:57:25,-03:00,2025-04-03T12:57:25-03:00,3,59
src/routes/projects/+page.svelte,12,js,4adf63d5,Luciano Sampaio,2025-04-03,12:57:25,-03:00,2025-04-03T12:57:25-03:00,3,42
src/routes/projects/+page.svelte,13,js,4adf63d5,Luciano Sampaio,2025-04-03,12:57:25,-03:00,2025-04-03T12:57:25-03:00,1,1
src/routes/projects/+page.svelte,14,js,4adf63d5,Luciano Sampaio,2025-04-03,12:57:25,-03:00,2025-04-03T12:57:25-03:00,0,0
src/routes/projects/+page.svelte,15,js,4adf63d5,Luciano Sampaio,2025-04-03,12:57:25,-03:00,2025-04-03T12:57:25-03:00,1,54
src/routes/projects/+page.svelte,16,js,4adf63d5,Luciano Sampaio,2025-04-03,12:57:25,-03:00,2025-04-03T12:57:25-03:00,3,17
src/routes/projects/+page.svelte,17,js,4adf63d5,Luciano Sampaio,2025-04-03,12:57:25,-03:00,2025-04-03T12:57:25-03:00,5,35
src/routes/projects/+page.svelte,18,js,4adf63d5,Luciano Sampaio,2025-04-03,12:57:25,-03:00,2025-04-03T12:57:25-03:00,3,0
src/routes/projects/+page.svelte,19,js,4adf63d5,Luciano Sampaio,2025-04-03,12:57:25,-03:00,2025-04-03T12:57:25-03:00,0,0
src/routes/projects/+page.svelte,20,js,4adf63d5,Luciano Sampaio,2025-04-03,12:57:25,-03:00,2025-04-03T12:57:25-03:00,3,10
src/routes/projects/+page.svelte,21,js,4adf63d5,Luciano Sampaio,2025-04-03,12:57:25,-03:00,2025-04-03T12:57:25-03:00,1,1
src/routes/projects/+page.svelte,22,js,4adf63d5,Luciano Sampaio,2025-04-03,12:57:25,-03:00,2025-04-03T12:57:25-03:00,0,0
src/routes/projects/+page.svelte,23,js,4adf63d5,Luciano Sampaio,2025-04-03,12:57:25,-03:00,2025-04-03T12:57:25-03:00,1,0
src/routes/projects/+page.svelte,24,js,4adf63d5,Luciano Sampaio,2025-04-03,12:57:25,-03:00,2025-04-03T12:57:25-03:00,1,67
src/routes/projects/+page.svelte,25,js,4adf63d5,Luciano Sampaio,2025-04-03,12:57:25,-03:00,2025-04-03T12:57:25-03:00,1,50
src/routes/projects/+page.svelte,26,js,4adf63d5,Luciano Sampaio,2025-04-03,12:57:25,-03:00,2025-04-03T12:57:25-03:00,1,40
src/routes/projects/+page.svelte,27,js,4adf63d5,Luciano Sampaio,2025-04-03,12:57:25,-03:00,2025-04-03T12:57:25-03:00,1,4
src/routes/projects/+page.svelte,28,js,4adf63d5,Luciano Sampaio,2025-04-03,12:57:25,-03:00,2025-04-03T12:57:25-03:00,0,0
src/routes/projects/+page.svelte,29,js,4adf63d5,Luciano Sampaio,2025-04-03,12:57:25,-03:00,2025-04-03T12:57:25-03:00,1,10
src/routes/projects/+page.svelte,30,js,4adf63d5,Luciano Sampaio,2025-04-03,12:57:25,-03:00,2025-04-03T12:57:25-03:00,0,0
src/routes/projects/+page.svelte,31,js,4adf63d5,Luciano Sampaio,2025-04-03,12:57:25,-03:00,2025-04-03T12:57:25-03:00,1,2
src/routes/projects/+page.svelte,32,js,4adf63d5,Luciano Sampaio,2025-04-03,12:57:25,-03:00,2025-04-03T12:57:25-03:00,3,51
src/routes/projects/+page.svelte,33,js,4adf63d5,Luciano Sampaio,2025-04-03,12:57:25,-03:00,2025-04-03T12:57:25-03:00,3,11
src/routes/projects/+page.svelte,34,js,4adf63d5,Luciano Sampaio,2025-04-03,12:57:25,-03:00,2025-04-03T12:57:25-03:00,3,0
src/routes/projects/+page.svelte,35,js,4adf63d5,Luciano Sampaio,2025-04-03,12:57:25,-03:00,2025-04-03T12:57:25-03:00,3,64
src/routes/projects/+page.svelte,36,js,4adf63d5,Luciano Sampaio,2025-04-03,12:57:25,-03:00,2025-04-03T12:57:25-03:00,3,72
src/routes/projects/+page.svelte,37,js,4adf63d5,Luciano Sampaio,2025-04-03,12:57:25,-03:00,2025-04-03T12:57:25-03:00,0,0
src/routes/projects/+page.svelte,38,js,4adf63d5,Luciano Sampaio,2025-04-03,12:57:25,-03:00,2025-04-03T12:57:25-03:00,3,61
src/routes/projects/+page.svelte,39,js,4adf63d5,Luciano Sampaio,2025-04-03,12:57:25,-03:00,2025-04-03T12:57:25-03:00,3,43
src/routes/projects/+page.svelte,40,js,4adf63d5,Luciano Sampaio,2025-04-03,12:57:25,-03:00,2025-04-03T12:57:25-03:00,5,35
src/routes/projects/+page.svelte,41,js,4adf63d5,Luciano Sampaio,2025-04-03,12:57:25,-03:00,2025-04-03T12:57:25-03:00,3,1
src/routes/projects/+page.svelte,42,js,4adf63d5,Luciano Sampaio,2025-04-03,12:57:25,-03:00,2025-04-03T12:57:25-03:00,1,0
src/routes/projects/+page.svelte,43,js,4adf63d5,Luciano Sampaio,2025-04-03,12:57:25,-03:00,2025-04-03T12:57:25-03:00,0,0
src/routes/projects/+page.svelte,44,js,4adf63d5,Luciano Sampaio,2025-04-03,12:57:25,-03:00,2025-04-03T12:57:25-03:00,1,25
src/routes/projects/+page.svelte,45,js,4adf63d5,Luciano Sampaio,2025-04-03,12:57:25,-03:00,2025-04-03T12:57:25-03:00,0,0
src/routes/projects/+page.svelte,46,js,4adf63d5,Luciano Sampaio,2025-04-03,12:57:25,-03:00,2025-04-03T12:57:25-03:00,1,15
src/routes/projects/+page.svelte,47,js,4adf63d5,Luciano Sampaio,2025-04-03,12:57:25,-03:00,2025-04-03T12:57:25-03:00,1,81
src/routes/projects/+page.svelte,48,js,4adf63d5,Luciano Sampaio,2025-04-03,12:57:25,-03:00,2025-04-03T12:57:25-03:00,0,0
src/routes/projects/+page.svelte,49,svelte,4adf63d5,Luciano Sampaio,2025-04-03,12:57:25,-03:00,2025-04-03T12:57:25-03:00,0,7
src/routes/projects/+page.svelte,50,svelte,4adf63d5,Luciano Sampaio,2025-04-03,12:57:25,-03:00,2025-04-03T12:57:25-03:00,0,0
src/routes/projects/+page.svelte,51,svelte,4adf63d5,Luciano Sampaio,2025-04-03,12:57:25,-03:00,2025-04-03T12:57:25-03:00,0,0
src/routes/projects/+page.svelte,52,svelte,0fa7c170,Luciano Sampaio,2025-03-20,12:42:48,-03:00,2025-03-20T12:42:48-03:00,0,11
src/routes/projects/+page.svelte,53,svelte,0fa7c170,Luciano Sampaio,2025-03-20,12:42:48,-03:00,2025-03-20T12:42:48-03:00,1,24
src/routes/projects/+page.svelte,54,svelte,4adf63d5,Luciano Sampaio,2025-04-03,12:57:25,-03:00,2025-04-03T12:57:25-03:00,0,0
src/routes/projects/+page.svelte,55,svelte,0fa7c170,Luciano Sampaio,2025-03-20,12:42:48,-03:00,2025-03-20T12:42:48-03:00,0,12
src/routes/projects/+page.svelte,56,svelte,0fa7c170,Luciano Sampaio,2025-03-20,12:42:48,-03:00,2025-03-20T12:42:48-03:00,0,0
src/routes/projects/+page.svelte,57,svelte,4adf63d5,Luciano Sampaio,2025-04-03,12:57:25,-03:00,2025-04-03T12:57:25-03:00,0,0
src/routes/projects/+page.svelte,58,svelte,4adf63d5,Luciano Sampaio,2025-04-03,12:57:25,-03:00,2025-04-03T12:57:25-03:00,0,0
src/routes/projects/+page.svelte,59,svelte,4adf63d5,Luciano Sampaio,2025-04-03,12:57:25,-03:00,2025-04-03T12:57:25-03:00,0,17
src/routes/projects/+page.svelte,60,svelte,4adf63d5,Luciano Sampaio,2025-04-03,12:57:25,-03:00,2025-04-03T12:57:25-03:00,0,0
src/routes/projects/+page.svelte,61,svelte,4adf63d5,Luciano Sampaio,2025-04-03,12:57:25,-03:00,2025-04-03T12:57:25-03:00,0,59
src/routes/projects/+page.svelte,62,svelte,4adf63d5,Luciano Sampaio,2025-04-03,12:57:25,-03:00,2025-04-03T12:57:25-03:00,0,0
src/routes/projects/+page.svelte,63,svelte,4adf63d5,Luciano Sampaio,2025-04-03,12:57:25,-03:00,2025-04-03T12:57:25-03:00,0,105
src/routes/projects/+page.svelte,64,svelte,4adf63d5,Luciano Sampaio,2025-04-03,12:57:25,-03:00,2025-04-03T12:57:25-03:00,0,0
src/routes/projects/+page.svelte,65,svelte,4adf63d5,Luciano Sampaio,2025-04-03,12:57:25,-03:00,2025-04-03T12:57:25-03:00,0,0
src/routes/projects/+page.svelte,66,svelte,4adf63d5,Luciano Sampaio,2025-04-03,12:57:25,-03:00,2025-04-03T12:57:25-03:00,0,41
src/routes/projects/+page.svelte,67,svelte,4adf63d5,Luciano Sampaio,2025-04-03,12:57:25,-03:00,2025-04-03T12:57:25-03:00,0,20
src/routes/projects/+page.svelte,68,svelte,4adf63d5,Luciano Sampaio,2025-04-03,12:57:25,-03:00,2025-04-03T12:57:25-03:00,2,25
src/routes/projects/+page.svelte,69,svelte,4adf63d5,Luciano Sampaio,2025-04-03,12:57:25,-03:00,2025-04-03T12:57:25-03:00,4,17
src/routes/projects/+page.svelte,70,svelte,4adf63d5,Luciano Sampaio,2025-04-03,12:57:25,-03:00,2025-04-03T12:57:25-03:00,3,12
src/routes/projects/+page.svelte,71,svelte,4adf63d5,Luciano Sampaio,2025-04-03,12:57:25,-03:00,2025-04-03T12:57:25-03:00,4,16
src/routes/projects/+page.svelte,72,svelte,4adf63d5,Luciano Sampaio,2025-04-03,12:57:25,-03:00,2025-04-03T12:57:25-03:00,4,26
src/routes/projects/+page.svelte,73,svelte,4adf63d5,Luciano Sampaio,2025-04-03,12:57:25,-03:00,2025-04-03T12:57:25-03:00,4,1
src/routes/projects/+page.svelte,74,svelte,4adf63d5,Luciano Sampaio,2025-04-03,12:57:25,-03:00,2025-04-03T12:57:25-03:00,6,13
src/routes/projects/+page.svelte,75,svelte,4adf63d5,Luciano Sampaio,2025-04-03,12:57:25,-03:00,2025-04-03T12:57:25-03:00,4,2
src/routes/projects/+page.svelte,76,svelte,4adf63d5,Luciano Sampaio,2025-04-03,12:57:25,-03:00,2025-04-03T12:57:25-03:00,3,12
src/routes/projects/+page.svelte,77,svelte,4adf63d5,Luciano Sampaio,2025-04-03,12:57:25,-03:00,2025-04-03T12:57:25-03:00,2,5
src/routes/projects/+page.svelte,78,svelte,4adf63d5,Luciano Sampaio,2025-04-03,12:57:25,-03:00,2025-04-03T12:57:25-03:00,0,4
src/routes/contact/+page.svelte,1,svelte,0fa7c170,Luciano Sampaio,2025-03-20,12:42:48,-03:00,2025-03-20T12:42:48-03:00,0,11
src/routes/contact/+page.svelte,2,svelte,0fa7c170,Luciano Sampaio,2025-03-20,12:42:48,-03:00,2025-03-20T12:42:48-03:00,1,23
src/routes/contact/+page.svelte,3,svelte,0fa7c170,Luciano Sampaio,2025-03-20,12:42:48,-03:00,2025-03-20T12:42:48-03:00,0,12
src/routes/contact/+page.svelte,4,svelte,0fa7c170,Luciano Sampaio,2025-03-20,12:42:48,-03:00,2025-03-20T12:42:48-03:00,0,0
src/routes/contact/+page.svelte,5,svelte,769667ae,Luciano Sampaio,2025-03-20,12:27:40,-03:00,2025-03-20T12:27:40-03:00,0,16
src/routes/contact/+page.svelte,6,svelte,769667ae,Luciano Sampaio,2025-03-20,12:27:40,-03:00,2025-03-20T12:27:40-03:00,0,0
src/routes/contact/+page.svelte,7,svelte,769667ae,Luciano Sampaio,2025-03-20,12:27:40,-03:00,2025-03-20T12:27:40-03:00,0,0
src/routes/contact/+page.svelte,8,svelte,769667ae,Luciano Sampaio,2025-03-20,12:27:40,-03:00,2025-03-20T12:27:40-03:00,0,63
src/routes/contact/+page.svelte,9,svelte,769667ae,Luciano Sampaio,2025-03-20,12:27:40,-03:00,2025-03-20T12:27:40-03:00,2,31
src/routes/contact/+page.svelte,10,svelte,769667ae,Luciano Sampaio,2025-03-20,12:27:40,-03:00,2025-03-20T12:27:40-03:00,2,56
src/routes/contact/+page.svelte,11,svelte,769667ae,Luciano Sampaio,2025-03-20,12:27:40,-03:00,2025-03-20T12:27:40-03:00,0,0
src/routes/contact/+page.svelte,12,svelte,769667ae,Luciano Sampaio,2025-03-20,12:27:40,-03:00,2025-03-20T12:27:40-03:00,2,35
src/routes/contact/+page.svelte,13,svelte,769667ae,Luciano Sampaio,2025-03-20,12:27:40,-03:00,2025-03-20T12:27:40-03:00,2,54
src/routes/contact/+page.svelte,14,svelte,769667ae,Luciano Sampaio,2025-03-20,12:27:40,-03:00,2025-03-20T12:27:40-03:00,0,0
src/routes/contact/+page.svelte,15,svelte,769667ae,Luciano Sampaio,2025-03-20,12:27:40,-03:00,2025-03-20T12:27:40-03:00,2,32
src/routes/contact/+page.svelte,16,svelte,769667ae,Luciano Sampaio,2025-03-20,12:27:40,-03:00,2025-03-20T12:27:40-03:00,2,58
src/routes/contact/+page.svelte,17,svelte,769667ae,Luciano Sampaio,2025-03-20,12:27:40,-03:00,2025-03-20T12:27:40-03:00,2,0
src/routes/contact/+page.svelte,18,svelte,769667ae,Luciano Sampaio,2025-03-20,12:27:40,-03:00,2025-03-20T12:27:40-03:00,2,45
src/routes/contact/+page.svelte,19,svelte,769667ae,Luciano Sampaio,2025-03-20,12:27:40,-03:00,2025-03-20T12:27:40-03:00,0,5
src/lib/Project.svelte,1,svelte,4adf63d5,Luciano Sampaio,2025-04-03,12:57:25,-03:00,2025-04-03T12:57:25-03:00,0,6
src/lib/Project.svelte,2,js,4adf63d5,Luciano Sampaio,2025-04-03,12:57:25,-03:00,2025-04-03T12:57:25-03:00,2,19
src/lib/Project.svelte,3,js,4adf63d5,Luciano Sampaio,2025-04-03,12:57:25,-03:00,2025-04-03T12:57:25-03:00,2,20
src/lib/Project.svelte,4,svelte,4adf63d5,Luciano Sampaio,2025-04-03,12:57:25,-03:00,2025-04-03T12:57:25-03:00,0,7
src/lib/Project.svelte,5,svelte,4adf63d5,Luciano Sampaio,2025-04-03,12:57:25,-03:00,2025-04-03T12:57:25-03:00,0,0
src/lib/Project.svelte,6,svelte,4adf63d5,Luciano Sampaio,2025-04-03,12:57:25,-03:00,2025-04-03T12:57:25-03:00,0,7
src/lib/Project.svelte,7,svelte,4adf63d5,Luciano Sampaio,2025-04-03,12:57:25,-03:00,2025-04-03T12:57:25-03:00,2,28
src/lib/Project.svelte,8,svelte,4adf63d5,Luciano Sampaio,2025-04-03,12:57:25,-03:00,2025-04-03T12:57:25-03:00,2,63
src/lib/Project.svelte,9,svelte,4adf63d5,Luciano Sampaio,2025-04-03,12:57:25,-03:00,2025-04-03T12:57:25-03:00,2,29
src/lib/Project.svelte,10,svelte,4adf63d5,Luciano Sampaio,2025-04-03,12:57:25,-03:00,2025-04-03T12:57:25-03:00,2,1
src/lib/Project.svelte,11,svelte,4adf63d5,Luciano Sampaio,2025-04-03,12:57:25,-03:00,2025-04-03T12:57:25-03:00,4,16
src/lib/Project.svelte,12,svelte,4adf63d5,Luciano Sampaio,2025-04-03,12:57:25,-03:00,2025-04-03T12:57:25-03:00,4,2
src/lib/Project.svelte,13,svelte,4adf63d5,Luciano Sampaio,2025-04-03,12:57:25,-03:00,2025-04-03T12:57:25-03:00,4,9
src/lib/Project.svelte,14,svelte,4adf63d5,Luciano Sampaio,2025-04-03,12:57:25,-03:00,2025-04-03T12:57:25-03:00,2,2
src/lib/Project.svelte,15,svelte,4adf63d5,Luciano Sampaio,2025-04-03,12:57:25,-03:00,2025-04-03T12:57:25-03:00,0,8
src/lib/Project.svelte,16,svelte,4adf63d5,Luciano Sampaio,2025-04-03,12:57:25,-03:00,2025-04-03T12:57:25-03:00,0,0
src/lib/Project.svelte,17,svelte,4adf63d5,Luciano Sampaio,2025-04-03,12:57:25,-03:00,2025-04-03T12:57:25-03:00,0,5
src/lib/Project.svelte,18,css,4adf63d5,Luciano Sampaio,2025-04-03,12:57:25,-03:00,2025-04-03T12:57:25-03:00,2,6
src/lib/Project.svelte,19,css,4adf63d5,Luciano Sampaio,2025-04-03,12:57:25,-03:00,2025-04-03T12:57:25-03:00,0,12
src/lib/Project.svelte,20,css,4adf63d5,Luciano Sampaio,2025-04-03,12:57:25,-03:00,2025-04-03T12:57:25-03:00,0,12
src/lib/Project.svelte,21,css,4adf63d5,Luciano Sampaio,2025-04-03,12:57:25,-03:00,2025-04-03T12:57:25-03:00,0,26
src/lib/Project.svelte,22,css,4adf63d5,Luciano Sampaio,2025-04-03,12:57:25,-03:00,2025-04-03T12:57:25-03:00,0,15
src/lib/Project.svelte,23,css,4adf63d5,Luciano Sampaio,2025-04-03,12:57:25,-03:00,2025-04-03T12:57:25-03:00,2,0
src/lib/Project.svelte,24,css,4adf63d5,Luciano Sampaio,2025-04-03,12:57:25,-03:00,2025-04-03T12:57:25-03:00,0,0
src/lib/Project.svelte,25,css,4adf63d5,Luciano Sampaio,2025-04-03,12:57:25,-03:00,2025-04-03T12:57:25-03:00,2,9
src/lib/Project.svelte,26,css,4adf63d5,Luciano Sampaio,2025-04-03,12:57:25,-03:00,2025-04-03T12:57:25-03:00,4,8
src/lib/Project.svelte,27,css,4adf63d5,Luciano Sampaio,2025-04-03,12:57:25,-03:00,2025-04-03T12:57:25-03:00,2,0
src/lib/Project.svelte,28,css,4adf63d5,Luciano Sampaio,2025-04-03,12:57:25,-03:00,2025-04-03T12:57:25-03:00,2,3
src/lib/Project.svelte,29,css,4adf63d5,Luciano Sampaio,2025-04-03,12:57:25,-03:00,2025-04-03T12:57:25-03:00,4,11
src/lib/Project.svelte,30,css,4adf63d5,Luciano Sampaio,2025-04-03,12:57:25,-03:00,2025-04-03T12:57:25-03:00,2,0
src/lib/Project.svelte,31,svelte,4adf63d5,Luciano Sampaio,2025-04-03,12:57:25,-03:00,2025-04-03T12:57:25-03:00,0,6
src/lib/Pie.svelte,1,svelte,4adf63d5,Luciano Sampaio,2025-04-03,12:57:25,-03:00,2025-04-03T12:57:25-03:00,0,6
src/lib/Pie.svelte,2,js,4adf63d5,Luciano Sampaio,2025-04-03,12:57:25,-03:00,2025-04-03T12:57:25-03:00,2,19
src/lib/Pie.svelte,3,js,4adf63d5,Luciano Sampaio,2025-04-03,12:57:25,-03:00,2025-04-03T12:57:25-03:00,2,28
src/lib/Pie.svelte,4,js,4adf63d5,Luciano Sampaio,2025-04-03,12:57:25,-03:00,2025-04-03T12:57:25-03:00,0,0
src/lib/Pie.svelte,5,js,4adf63d5,Luciano Sampaio,2025-04-03,12:57:25,-03:00,2025-04-03T12:57:25-03:00,2,23
src/lib/Pie.svelte,6,js,4adf63d5,Luciano Sampaio,2025-04-03,12:57:25,-03:00,2025-04-03T12:57:25-03:00,0,0
src/lib/Pie.svelte,7,js,4adf63d5,Luciano Sampaio,2025-04-03,12:57:25,-03:00,2025-04-03T12:57:25-03:00,0,0
src/lib/Pie.svelte,8,js,4adf63d5,Luciano Sampaio,2025-04-03,12:57:25,-03:00,2025-04-03T12:57:25-03:00,2,57
src/lib/Pie.svelte,9,js,4adf63d5,Luciano Sampaio,2025-04-03,12:57:25,-03:00,2025-04-03T12:57:25-03:00,2,22
src/lib/Pie.svelte,10,js,4adf63d5,Luciano Sampaio,2025-04-03,12:57:25,-03:00,2025-04-03T12:57:25-03:00,4,12
src/lib/Pie.svelte,11,js,4adf63d5,Luciano Sampaio,2025-04-03,12:57:25,-03:00,2025-04-03T12:57:25-03:00,4,19
src/lib/Pie.svelte,12,js,4adf63d5,Luciano Sampaio,2025-04-03,12:57:25,-03:00,2025-04-03T12:57:25-03:00,2,1
src/lib/Pie.svelte,13,js,4adf63d5,Luciano Sampaio,2025-04-03,12:57:25,-03:00,2025-04-03T12:57:25-03:00,0,0
src/lib/Pie.svelte,14,js,4adf63d5,Luciano Sampaio,2025-04-03,12:57:25,-03:00,2025-04-03T12:57:25-03:00,2,19
src/lib/Pie.svelte,15,js,4adf63d5,Luciano Sampaio,2025-04-03,12:57:25,-03:00,2025-04-03T12:57:25-03:00,2,31
src/lib/Pie.svelte,16,js,4adf63d5,Luciano Sampaio,2025-04-03,12:57:25,-03:00,2025-04-03T12:57:25-03:00,0,0
src/lib/Pie.svelte,17,js,4adf63d5,Luciano Sampaio,2025-04-03,12:57:25,-03:00,2025-04-03T12:57:25-03:00,2,31
src/lib/Pie.svelte,18,js,4adf63d5,Luciano Sampaio,2025-04-03,12:57:25,-03:00,2025-04-03T12:57:25-03:00,2,48
src/lib/Pie.svelte,19,js,4adf63d5,Luciano Sampaio,2025-04-03,12:57:25,-03:00,2025-04-03T12:57:25-03:00,0,0
src/lib/Pie.svelte,20,js,4adf63d5,Luciano Sampaio,2025-04-03,12:57:25,-03:00,2025-04-03T12:57:25-03:00,2,10
src/lib/Pie.svelte,21,js,4adf63d5,Luciano Sampaio,2025-04-03,12:57:25,-03:00,2025-04-03T12:57:25-03:00,2,7
src/lib/Pie.svelte,22,js,4adf63d5,Luciano Sampaio,2025-04-03,12:57:25,-03:00,2025-04-03T12:57:25-03:00,2,0
src/lib/Pie.svelte,23,js,4adf63d5,Luciano Sampaio,2025-04-03,12:57:25,-03:00,2025-04-03T12:57:25-03:00,2,2
src/lib/Pie.svelte,24,js,4adf63d5,Luciano Sampaio,2025-04-03,12:57:25,-03:00,2025-04-03T12:57:25-03:00,4,29
src/lib/Pie.svelte,25,js,4adf63d5,Luciano Sampaio,2025-04-03,12:57:25,-03:00,2025-04-03T12:57:25-03:00,4,39
src/lib/Pie.svelte,26,js,4adf63d5,Luciano Sampaio,2025-04-03,12:57:25,-03:00,2025-04-03T12:57:25-03:00,2,0
src/lib/Pie.svelte,27,js,4adf63d5,Luciano Sampaio,2025-04-03,12:57:25,-03:00,2025-04-03T12:57:25-03:00,0,0
src/lib/Pie.svelte,28,js,4adf63d5,Luciano Sampaio,2025-04-03,12:57:25,-03:00,2025-04-03T12:57:25-03:00,2,33
src/lib/Pie.svelte,29,js,4adf63d5,Luciano Sampaio,2025-04-03,12:57:25,-03:00,2025-04-03T12:57:25-03:00,2,47
src/lib/Pie.svelte,30,js,4adf63d5,Luciano Sampaio,2025-04-03,12:57:25,-03:00,2025-04-03T12:57:25-03:00,2,0
src/lib/Pie.svelte,31,js,4adf63d5,Luciano Sampaio,2025-04-03,12:57:25,-03:00,2025-04-03T12:57:25-03:00,0,0
src/lib/Pie.svelte,32,js,4adf63d5,Luciano Sampaio,2025-04-03,12:57:25,-03:00,2025-04-03T12:57:25-03:00,0,0
src/lib/Pie.svelte,33,svelte,4adf63d5,Luciano Sampaio,2025-04-03,12:57:25,-03:00,2025-04-03T12:57:25-03:00,0,7
src/lib/Pie.svelte,34,svelte,4adf63d5,Luciano Sampaio,2025-04-03,12:57:25,-03:00,2025-04-03T12:57:25-03:00,0,0
src/lib/Pie.svelte,35,svelte,4adf63d5,Luciano Sampaio,2025-04-03,12:57:25,-03:00,2025-04-03T12:57:25-03:00,0,0
src/lib/Pie.svelte,36,svelte,4adf63d5,Luciano Sampaio,2025-04-03,12:57:25,-03:00,2025-04-03T12:57:25-03:00,0,21
src/lib/Pie.svelte,37,svelte,4adf63d5,Luciano Sampaio,2025-04-03,12:57:25,-03:00,2025-04-03T12:57:25-03:00,2,29
src/lib/Pie.svelte,38,svelte,4adf63d5,Luciano Sampaio,2025-04-03,12:57:25,-03:00,2025-04-03T12:57:25-03:00,4,24
src/lib/Pie.svelte,39,svelte,4adf63d5,Luciano Sampaio,2025-04-03,12:57:25,-03:00,2025-04-03T12:57:25-03:00,4,34
src/lib/Pie.svelte,40,svelte,4adf63d5,Luciano Sampaio,2025-04-03,12:57:25,-03:00,2025-04-03T12:57:25-03:00,6,38
src/lib/Pie.svelte,41,svelte,4adf63d5,Luciano Sampaio,2025-04-03,12:57:25,-03:00,2025-04-03T12:57:25-03:00,6,69
src/lib/Pie.svelte,42,svelte,4adf63d5,Luciano Sampaio,2025-04-03,12:57:25,-03:00,2025-04-03T12:57:25-03:00,4,5
src/lib/Pie.svelte,43,svelte,4adf63d5,Luciano Sampaio,2025-04-03,12:57:25,-03:00,2025-04-03T12:57:25-03:00,0,0
src/lib/Pie.svelte,44,svelte,4adf63d5,Luciano Sampaio,2025-04-03,12:57:25,-03:00,2025-04-03T12:57:25-03:00,2,4
src/lib/Pie.svelte,45,svelte,4adf63d5,Luciano Sampaio,2025-04-03,12:57:25,-03:00,2025-04-03T12:57:25-03:00,0,0
src/lib/Pie.svelte,46,svelte,4adf63d5,Luciano Sampaio,2025-04-03,12:57:25,-03:00,2025-04-03T12:57:25-03:00,2,17
src/lib/Pie.svelte,47,svelte,4adf63d5,Luciano Sampaio,2025-04-03,12:57:25,-03:00,2025-04-03T12:57:25-03:00,4,22
src/lib/Pie.svelte,48,svelte,4adf63d5,Luciano Sampaio,2025-04-03,12:57:25,-03:00,2025-04-03T12:57:25-03:00,6,37
src/lib/Pie.svelte,49,svelte,4adf63d5,Luciano Sampaio,2025-04-03,12:57:25,-03:00,2025-04-03T12:57:25-03:00,8,26
src/lib/Pie.svelte,50,svelte,4adf63d5,Luciano Sampaio,2025-04-03,12:57:25,-03:00,2025-04-03T12:57:25-03:00,8,28
src/lib/Pie.svelte,51,svelte,4adf63d5,Luciano Sampaio,2025-04-03,12:57:25,-03:00,2025-04-03T12:57:25-03:00,6,3
src/lib/Pie.svelte,52,svelte,4adf63d5,Luciano Sampaio,2025-04-03,12:57:25,-03:00,2025-04-03T12:57:25-03:00,4,5
src/lib/Pie.svelte,53,svelte,4adf63d5,Luciano Sampaio,2025-04-03,12:57:25,-03:00,2025-04-03T12:57:25-03:00,2,3
src/lib/Pie.svelte,54,svelte,4adf63d5,Luciano Sampaio,2025-04-03,12:57:25,-03:00,2025-04-03T12:57:25-03:00,0,4
src/lib/Pie.svelte,55,svelte,4adf63d5,Luciano Sampaio,2025-04-03,12:57:25,-03:00,2025-04-03T12:57:25-03:00,0,0
src/lib/Pie.svelte,56,svelte,4adf63d5,Luciano Sampaio,2025-04-03,12:57:25,-03:00,2025-04-03T12:57:25-03:00,0,0
src/lib/Pie.svelte,57,svelte,4adf63d5,Luciano Sampaio,2025-04-03,12:57:25,-03:00,2025-04-03T12:57:25-03:00,0,5
src/lib/Pie.svelte,58,css,4adf63d5,Luciano Sampaio,2025-04-03,12:57:25,-03:00,2025-04-03T12:57:25-03:00,2,3
src/lib/Pie.svelte,59,css,4adf63d5,Luciano Sampaio,2025-04-03,12:57:25,-03:00,2025-04-03T12:57:25-03:00,4,14
src/lib/Pie.svelte,60,css,4adf63d5,Luciano Sampaio,2025-04-03,12:57:25,-03:00,2025-04-03T12:57:25-03:00,4,16
src/lib/Pie.svelte,61,css,4adf63d5,Luciano Sampaio,2025-04-03,12:57:25,-03:00,2025-04-03T12:57:25-03:00,0,0
src/lib/Pie.svelte,62,css,4adf63d5,Luciano Sampaio,2025-04-03,12:57:25,-03:00,2025-04-03T12:57:25-03:00,4,42
src/lib/Pie.svelte,63,css,4adf63d5,Luciano Sampaio,2025-04-03,12:57:25,-03:00,2025-04-03T12:57:25-03:00,4,16
src/lib/Pie.svelte,64,css,4adf63d5,Luciano Sampaio,2025-04-03,12:57:25,-03:00,2025-04-03T12:57:25-03:00,2,0
src/lib/Pie.svelte,65,css,4adf63d5,Luciano Sampaio,2025-04-03,12:57:25,-03:00,2025-04-03T12:57:25-03:00,0,0
src/lib/Pie.svelte,66,css,4adf63d5,Luciano Sampaio,2025-04-03,12:57:25,-03:00,2025-04-03T12:57:25-03:00,2,36
src/lib/Pie.svelte,67,css,4adf63d5,Luciano Sampaio,2025-04-03,12:57:25,-03:00,2025-04-03T12:57:25-03:00,4,11
src/lib/Pie.svelte,68,css,4adf63d5,Luciano Sampaio,2025-04-03,12:57:25,-03:00,2025-04-03T12:57:25-03:00,2,0
src/lib/Pie.svelte,69,css,4adf63d5,Luciano Sampaio,2025-04-03,12:57:25,-03:00,2025-04-03T12:57:25-03:00,0,0
src/lib/Pie.svelte,70,css,4adf63d5,Luciano Sampaio,2025-04-03,12:57:25,-03:00,2025-04-03T12:57:25-03:00,2,4
src/lib/Pie.svelte,71,css,4adf63d5,Luciano Sampaio,2025-04-03,12:57:25,-03:00,2025-04-03T12:57:25-03:00,4,16
src/lib/Pie.svelte,72,css,4adf63d5,Luciano Sampaio,2025-04-03,12:57:25,-03:00,2025-04-03T12:57:25-03:00,4,15
src/lib/Pie.svelte,73,css,4adf63d5,Luciano Sampaio,2025-04-03,12:57:25,-03:00,2025-04-03T12:57:25-03:00,2,0
src/lib/Pie.svelte,74,css,4adf63d5,Luciano Sampaio,2025-04-03,12:57:25,-03:00,2025-04-03T12:57:25-03:00,0,0
src/lib/Pie.svelte,75,css,4adf63d5,Luciano Sampaio,2025-04-03,12:57:25,-03:00,2025-04-03T12:57:25-03:00,2,9
src/lib/Pie.svelte,76,css,4adf63d5,Luciano Sampaio,2025-04-03,12:57:25,-03:00,2025-04-03T12:57:25-03:00,4,12
src/lib/Pie.svelte,77,css,4adf63d5,Luciano Sampaio,2025-04-03,12:57:25,-03:00,2025-04-03T12:57:25-03:00,4,18
src/lib/Pie.svelte,78,css,4adf63d5,Luciano Sampaio,2025-04-03,12:57:25,-03:00,2025-04-03T12:57:25-03:00,4,9
src/lib/Pie.svelte,79,css,4adf63d5,Luciano Sampaio,2025-04-03,12:57:25,-03:00,2025-04-03T12:57:25-03:00,2,0
src/lib/Pie.svelte,80,css,4adf63d5,Luciano Sampaio,2025-04-03,12:57:25,-03:00,2025-04-03T12:57:25-03:00,0,0
src/lib/Pie.svelte,81,css,4adf63d5,Luciano Sampaio,2025-04-03,12:57:25,-03:00,2025-04-03T12:57:25-03:00,2,6
src/lib/Pie.svelte,82,css,4adf63d5,Luciano Sampaio,2025-04-03,12:57:25,-03:00,2025-04-03T12:57:25-03:00,4,12
src/lib/Pie.svelte,83,css,4adf63d5,Luciano Sampaio,2025-04-03,12:57:25,-03:00,2025-04-03T12:57:25-03:00,4,57
src/lib/Pie.svelte,84,css,4adf63d5,Luciano Sampaio,2025-04-03,12:57:25,-03:00,2025-04-03T12:57:25-03:00,4,22
src/lib/Pie.svelte,85,css,4adf63d5,Luciano Sampaio,2025-04-03,12:57:25,-03:00,2025-04-03T12:57:25-03:00,4,11
src/lib/Pie.svelte,86,css,4adf63d5,Luciano Sampaio,2025-04-03,12:57:25,-03:00,2025-04-03T12:57:25-03:00,4,10
src/lib/Pie.svelte,87,css,4adf63d5,Luciano Sampaio,2025-04-03,12:57:25,-03:00,2025-04-03T12:57:25-03:00,4,6
src/lib/Pie.svelte,88,css,4adf63d5,Luciano Sampaio,2025-04-03,12:57:25,-03:00,2025-04-03T12:57:25-03:00,2,0
src/lib/Pie.svelte,89,css,4adf63d5,Luciano Sampaio,2025-04-03,12:57:25,-03:00,2025-04-03T12:57:25-03:00,0,0
src/lib/Pie.svelte,90,css,4adf63d5,Luciano Sampaio,2025-04-03,12:57:25,-03:00,2025-04-03T12:57:25-03:00,2,9
src/lib/Pie.svelte,91,css,4adf63d5,Luciano Sampaio,2025-04-03,12:57:25,-03:00,2025-04-03T12:57:25-03:00,4,11
src/lib/Pie.svelte,92,css,4adf63d5,Luciano Sampaio,2025-04-03,12:57:25,-03:00,2025-04-03T12:57:25-03:00,4,18
src/lib/Pie.svelte,93,css,4adf63d5,Luciano Sampaio,2025-04-03,12:57:25,-03:00,2025-04-03T12:57:25-03:00,4,9
src/lib/Pie.svelte,94,css,4adf63d5,Luciano Sampaio,2025-04-03,12:57:25,-03:00,2025-04-03T12:57:25-03:00,2,0
src/lib/Pie.svelte,95,css,4adf63d5,Luciano Sampaio,2025-04-03,12:57:25,-03:00,2025-04-03T12:57:25-03:00,0,0
src/lib/Pie.svelte,96,css,4adf63d5,Luciano Sampaio,2025-04-03,12:57:25,-03:00,2025-04-03T12:57:25-03:00,2,6
src/lib/Pie.svelte,97,css,4adf63d5,Luciano Sampaio,2025-04-03,12:57:25,-03:00,2025-04-03T12:57:25-03:00,4,20
src/lib/Pie.svelte,98,css,4adf63d5,Luciano Sampaio,2025-04-03,12:57:25,-03:00,2025-04-03T12:57:25-03:00,4,29
src/lib/Pie.svelte,99,css,4adf63d5,Luciano Sampaio,2025-04-03,12:57:25,-03:00,2025-04-03T12:57:25-03:00,4,9
src/lib/Pie.svelte,100,css,4adf63d5,Luciano Sampaio,2025-04-03,12:57:25,-03:00,2025-04-03T12:57:25-03:00,4,10
src/lib/Pie.svelte,101,css,4adf63d5,Luciano Sampaio,2025-04-03,12:57:25,-03:00,2025-04-03T12:57:25-03:00,2,0
src/lib/Pie.svelte,102,css,4adf63d5,Luciano Sampaio,2025-04-03,12:57:25,-03:00,2025-04-03T12:57:25-03:00,0,0
src/lib/Pie.svelte,103,css,4adf63d5,Luciano Sampaio,2025-04-03,12:57:25,-03:00,2025-04-03T12:57:25-03:00,2,68
src/lib/Pie.svelte,104,css,4adf63d5,Luciano Sampaio,2025-04-03,12:57:25,-03:00,2025-04-03T12:57:25-03:00,2,38
src/lib/Pie.svelte,105,css,4adf63d5,Luciano Sampaio,2025-04-03,12:57:25,-03:00,2025-04-03T12:57:25-03:00,2,11
src/lib/Pie.svelte,106,css,4adf63d5,Luciano Sampaio,2025-04-03,12:57:25,-03:00,2025-04-03T12:57:25-03:00,2,0
src/lib/Pie.svelte,107,css,4adf63d5,Luciano Sampaio,2025-04-03,12:57:25,-03:00,2025-04-03T12:57:25-03:00,0,0
src/lib/Pie.svelte,108,css,4adf63d5,Luciano Sampaio,2025-04-03,12:57:25,-03:00,2025-04-03T12:57:25-03:00,2,9
src/lib/Pie.svelte,109,css,4adf63d5,Luciano Sampaio,2025-04-03,12:57:25,-03:00,2025-04-03T12:57:25-03:00,4,35
src/lib/Pie.svelte,110,css,4adf63d5,Luciano Sampaio,2025-04-03,12:57:25,-03:00,2025-04-03T12:57:25-03:00,4,0
src/lib/Pie.svelte,111,css,4adf63d5,Luciano Sampaio,2025-04-03,12:57:25,-03:00,2025-04-03T12:57:25-03:00,4,10
src/lib/Pie.svelte,112,css,4adf63d5,Luciano Sampaio,2025-04-03,12:57:25,-03:00,2025-04-03T12:57:25-03:00,6,28
src/lib/Pie.svelte,113,css,4adf63d5,Luciano Sampaio,2025-04-03,12:57:25,-03:00,2025-04-03T12:57:25-03:00,4,0
src/lib/Pie.svelte,114,css,4adf63d5,Luciano Sampaio,2025-04-03,12:57:25,-03:00,2025-04-03T12:57:25-03:00,4,0
src/lib/Pie.svelte,115,css,4adf63d5,Luciano Sampaio,2025-04-03,12:57:25,-03:00,2025-04-03T12:57:25-03:00,4,8
src/lib/Pie.svelte,116,css,4adf63d5,Luciano Sampaio,2025-04-03,12:57:25,-03:00,2025-04-03T12:57:25-03:00,6,18
src/lib/Pie.svelte,117,css,4adf63d5,Luciano Sampaio,2025-04-03,12:57:25,-03:00,2025-04-03T12:57:25-03:00,4,0
src/lib/Pie.svelte,118,css,4adf63d5,Luciano Sampaio,2025-04-03,12:57:25,-03:00,2025-04-03T12:57:25-03:00,2,0
src/lib/Pie.svelte,119,css,4adf63d5,Luciano Sampaio,2025-04-03,12:57:25,-03:00,2025-04-03T12:57:25-03:00,0,0
src/lib/Pie.svelte,120,css,4adf63d5,Luciano Sampaio,2025-04-03,12:57:25,-03:00,2025-04-03T12:57:25-03:00,2,35
src/lib/Pie.svelte,121,css,4adf63d5,Luciano Sampaio,2025-04-03,12:57:25,-03:00,2025-04-03T12:57:25-03:00,4,10
src/lib/Pie.svelte,122,css,4adf63d5,Luciano Sampaio,2025-04-03,12:57:25,-03:00,2025-04-03T12:57:25-03:00,2,0
src/lib/Pie.svelte,123,css,4adf63d5,Luciano Sampaio,2025-04-03,12:57:25,-03:00,2025-04-03T12:57:25-03:00,0,0
src/lib/Pie.svelte,124,css,4adf63d5,Luciano Sampaio,2025-04-03,12:57:25,-03:00,2025-04-03T12:57:25-03:00,2,10
src/lib/Pie.svelte,125,css,4adf63d5,Luciano Sampaio,2025-04-03,12:57:25,-03:00,2025-04-03T12:57:25-03:00,4,23
src/lib/Pie.svelte,126,css,4adf63d5,Luciano Sampaio,2025-04-03,12:57:25,-03:00,2025-04-03T12:57:25-03:00,2,0
src/lib/Pie.svelte,127,svelte,4adf63d5,Luciano Sampaio,2025-04-03,12:57:25,-03:00,2025-04-03T12:57:25-03:00,0,6
src/lib/Pie.svelte,128,svelte,4adf63d5,Luciano Sampaio,2025-04-03,12:57:25,-03:00,2025-04-03T12:57:25-03:00,0,0
